GCC 12.5;July 11, 2025
GCC 13.4;June 5, 2025
GCC 14.3;May 23, 2025
GCC 15.1;April 25, 2025
GCC 14.2;August 1, 2024
GCC 11.5;July 19, 2024
GCC 12.4;June 20, 2024
GCC 13.3;May 21, 2024
GCC 14.1;May 7, 2024
GCC 13.2;July 27, 2023
GCC 10.5;July 7, 2023
GCC 11.4;May 29, 2023
GCC 12.3;May 8, 2023
GCC 13.1;April 26, 2023
GCC 12.2;August 19, 2022
GCC 10.4;June 28, 2022
GCC 9.5;May 27, 2022
GCC 12.1;May 6, 2022
GCC 11.3;April 21, 2022
GCC 11.2;July 28, 2021
GCC 9.4;June 1, 2021
GCC 8.5;May 14, 2021
GCC 11.1;April 27, 2021
GCC 10.3;April 8, 2021
GCC 10.2;July 23, 2020
GCC 10.1;May 7, 2020
GCC 9.3;March 12, 2020
GCC 8.4;March 4, 2020
GCC 7.5;November 14, 2019
GCC 9.2;August 12, 2019
GCC 9.1;May 3, 2019
GCC 8.3;February 22, 2019
GCC 7.4;December 6, 2018
GCC 6.5;October 26, 2018
GCC 8.2;July 26, 2018
GCC 8.1;May 2, 2018
GCC 7.3;January 25, 2018
GCC 5.5;October 10, 2017
GCC 7.2;August 14, 2017
GCC 6.4;July 4, 2017
GCC 7.1;May 2, 2017
GCC 6.3;December 21, 2016
GCC 6.2;August 22, 2016
GCC 4.9.4;August 3, 2016
GCC 5.4;June 3, 2016
GCC 6.1;April 27, 2016
GCC 5.3;December 4, 2015
GCC 5.2;July 16, 2015
GCC 4.9.3;June 26, 2015
GCC 4.8.5;June 23, 2015
GCC 5.1;April 22, 2015
GCC 4.8.4;December 19, 2014
GCC 4.9.2;October 30, 2014
GCC 4.9.1;July 16, 2014
GCC 4.7.4;June 12, 2014
GCC 4.8.3;May 22, 2014
GCC 4.9.0;April 22, 2014
GCC 4.8.2;October 16, 2013
GCC 4.8.1;May 31, 2013
GCC 4.6.4;April 12, 2013
GCC 4.7.3;April 11, 2013
GCC 4.8.0;March 22, 2013
GCC 4.7.2;September 20, 2012
GCC 4.5.4;July 2, 2012
GCC 4.7.1;June 14, 2012
GCC 4.7.0;March 22, 2012
GCC 4.4.7;March 13, 2012
GCC 4.6.3;March 1, 2012
GCC 4.6.2;October 26, 2011
GCC 4.6.1;June 27, 2011
GCC 4.3.6;June 27, 2011
GCC 4.5.3;April 28, 2011
GCC 4.4.6;April 16, 2011
GCC 4.6.0;March 25, 2011
GCC 4.5.2;December 16, 2010
GCC 4.4.5;October 1, 2010
GCC 4.5.1;July 31, 2010
GCC 4.3.5;May 22, 2010
GCC 4.4.4;April 29, 2010
GCC 4.5.0;April 14, 2010
GCC 4.4.3;January 21, 2010
GCC 4.4.2;October 15, 2009
GCC 4.3.4;August 4, 2009
GCC 4.4.1;July 22, 2009
GCC 4.4.0;April 21, 2009
GCC 4.3.3;January 24, 2009
GCC 4.3.2;August 27, 2008
GCC 4.3.1;June 6, 2008
GCC 4.2.4;May 19, 2008
GCC 4.3.0;March 5, 2008
GCC 4.2.3;February 1, 2008
GCC 4.2.2;October 7, 2007
GCC 4.2.1;July 18, 2007
GCC 4.2.0;May 13, 2007
GCC 4.1.2;February 13, 2007
GCC 4.0.4;January 31, 2007
GCC 4.1.1;May 24, 2006
GCC 4.0.3;March 10, 2006
GCC 3.4.6;March 06, 2006
GCC 4.1.0;February 28, 2006
GCC 3.4.5;November 30, 2005
GCC 4.0.2;September 28, 2005
GCC 4.0.1;July 7, 2005
GCC 3.4.4;May 18, 2005
GCC 3.3.6;May 3, 2005
GCC 4.0.0;April 20, 2005
GCC 3.4.3;November 4, 2004
GCC 3.3.5;September 30, 2004
GCC 3.4.2;September 6, 2004
GCC 3.4.1;July 1, 2004
GCC 3.3.4;May 31, 2004
GCC 3.4.0;April 18, 2004
GCC 3.3.3;February 14, 2004
GCC 3.3.2;October 17, 2003
GCC 3.3.1;August 8, 2003
GCC 3.3;May 13, 2003
GCC 3.2.3;April 22, 2003
GCC 3.2.2;February 05, 2003
GCC 3.2.1;November 19, 2002
GCC 3.2;August 14, 2002
GCC 3.1.1;July 25, 2002
GCC 3.1;May 15, 2002
GCC 3.0.4;February 20, 2002
GCC 3.0.3;December 20, 2001
GCC 3.0.2;October 25, 2001
GCC 3.0.1;August 20, 2001
GCC 3.0;June 18, 2001
GCC 2.95.3;March 16, 2001
GCC 2.95.2;October 24, 1999
GCC 2.95.1;August 19, 1999
GCC 2.95;July 31, 1999
